Subject,Start Date,Start Time,End Date,End Time,All Day Event,Description,Location,Private
梅,2022/4/1,10:00 AM,2022/4/1,5:00 PM,,,,
梅,2022/4/2,10:00 AM,2022/4/2,5:00 PM,,,,
梅,2022/4/4,10:00 AM,2022/4/4,5:00 PM,,,,
梅,2022/4/5,10:00 AM,2022/4/5,5:00 PM,,,,
梅,2022/4/7,10:00 AM,2022/4/7,5:00 PM,,,,
梅,2022/4/8,10:00 AM,2022/4/8,5:00 PM,,,,
梅,2022/4/9,10:00 AM,2022/4/9,5:00 PM,,,,
梅,2022/4/12,10:00 AM,2022/4/12,5:00 PM,,,,
梅,2022/4/13,10:00 AM,2022/4/13,5:00 PM,,,,
梅,2022/4/14,10:00 AM,2022/4/14,5:00 PM,,,,
梅,2022/4/16,10:00 AM,2022/4/16,5:00 PM,,,,
梅,2022/4/18,10:00 AM,2022/4/18,5:00 PM,,,,
梅,2022/4/19,10:00 AM,2022/4/19,5:00 PM,,,,
